{
  "9slice.png": {
    "4": {
      "id": 4,
      "x": 0.0,
      "y": 0.2265625,
      "width": 0.2265625,
      "height": 0.59375,
      "x_px": 0.0,
      "y_px": 29.0,
      "width_px": 29.0,
      "height_px": 76.0
    },
    "7": {
      "id": 7,
      "x": 0.0,
      "y": 0.8203125,
      "width": 0.2265625,
      "height": 0.1796875,   
      "x_px": 0.0,
      "y_px": 105.0,
      "width_px": 29.0,
      "height_px": 23.0
    },
    "6": {
      "id": 6,
      "x": 0.78125,
      "y": 0.2265625,
      "width": 0.21875,
      "height": 0.59375,
      "x_px": 100.0,
      "y_px": 29.0,
      "width_px": 28.0,
      "height_px": 76.0
    },
    "1": {
      "id": 1,
      "x": 0.0,
      "y": 0.0,
      "width": 0.2265625,
      "height": 0.2265625,
      "x_px": 0.0,
      "y_px": 0.0,
      "width_px": 29.0,
      "height_px": 29.0
    },
    "2": {
      "id": 2,
      "x": 0.2265625,
      "y": 0.0,
      "width": 0.5546875,
      "height": 0.2265625,
      "x_px": 29.0,
      "y_px": 0.0,
      "width_px": 71.0,
      "height_px": 29.0
    },
    "3": {
      "id": 3,
      "x": 0.78125,
      "y": 0.0,
      "width": 0.21875,
      "height": 0.2265625,
      "x_px": 100.0,
      "y_px": 0.0,
      "width_px": 28.0,
      "height_px": 29.0
    },
    "8": {
      "id": 8,
      "x": 0.2265625,
      "y": 0.8203125,
      "width": 0.5546875,
      "height": 0.1796875,
      "x_px": 29.0,
      "y_px": 105.0,
      "width_px": 71.0,
      "height_px": 23.0
    },
    "9": {
      "id": 9,
      "x": 0.78125,
      "y": 0.8203125,
      "width": 0.21875,
      "height": 0.1796875,
      "x_px": 100.0,
      "y_px": 105.0,
      "width_px": 28.0,
      "height_px": 23.0
    },
    "5": {
      "id": 5,
      "x": 0.2265625,
      "y": 0.2265625,
      "width": 0.5546875,
      "height": 0.59375,
      "x_px": 29.0,
      "y_px": 29.0,
      "width_px": 71.0,
      "height_px": 76.0
    }
  },
    "test.png": {
      "3": {
        "id": 3,
        "x": 0.6487026,
        "y": 0.0,
        "width": 0.35129738,
        "height": 0.44461077,
        "x_px": 650.0,
        "y_px": 0.0,
        "width_px": 351.99997,
        "height_px": 445.5
      },
      "8": {
        "id": 8,
        "x": 0.38023952,
        "y": 0.53742516,
        "width": 0.2684631,
        "height": 0.46257484,
        "x_px": 381.0,
        "y_px": 538.5,
        "width_px": 269.00003,
        "height_px": 463.5
      },
      "7": {
        "id": 7,
        "x": 0.0,
        "y": 0.53742516,
        "width": 0.38023952,
        "height": 0.46257484,
        "x_px": 0.0,
        "y_px": 538.5,
        "width_px": 381.0,
        "height_px": 463.5
      },
      "9": {
        "id": 9,
        "x": 0.6487026,
        "y": 0.53742516,
        "width": 0.35129738,
        "height": 0.46257484,
        "x_px": 650.0,
        "y_px": 538.5,
        "width_px": 351.99997,
        "height_px": 463.5
      },
      "4": {
        "id": 4,
        "x": 0.0,
        "y": 0.44461077,
        "width": 0.38023952,
        "height": 0.092814386,
        "x_px": 0.0,
        "y_px": 445.5,
        "width_px": 381.0,
        "height_px": 93.000015
      },
      "2": {
        "id": 2,
        "x": 0.38023952,
        "y": 0.0,
        "width": 0.2684631,
        "height": 0.44461077,
        "x_px": 381.0,
        "y_px": 0.0,
        "width_px": 269.00003,
        "height_px": 445.5
      },
      "1": {
        "id": 1,
        "x": 0.0,
        "y": 0.0,
        "width": 0.38023952,
        "height": 0.44461077,
        "x_px": 0.0,
        "y_px": 0.0,
        "width_px": 381.0,
        "height_px": 445.5
      },
      "5": {
        "id": 5,
        "x": 0.38023952,
        "y": 0.44461077,
        "width": 0.2684631,
        "height": 0.092814386,
        "x_px": 381.0,
        "y_px": 445.5,
        "width_px": 269.00003,
        "height_px": 93.000015
      },
      "6": {
        "id": 6,
        "x": 0.6487026,
        "y": 0.44461077,
        "width": 0.35129738,
        "height": 0.092814386,
        "x_px": 650.0,
        "y_px": 445.5,
        "width_px": 351.99997,
        "height_px": 93.000015
      }
    },
      "yingxiongduihuakuang.png": {
        "2": {
          "id": 2,
          "x": 0.2238806,
          "y": 0.0,
          "width": 0.6865672,
          "height": 0.1779661,
          "x_px": 30.0,
          "y_px": 0.0,
          "width_px": 92.0,
          "height_px": 10.5
        },
        "1": {
          "id": 1,
          "x": 0.0,
          "y": 0.0,
          "width": 0.2238806,
          "height": 0.1779661,
          "x_px": 0.0,
          "y_px": 0.0,
          "width_px": 30.0,
          "height_px": 10.5
        },
        "7": {
          "id": 7,
          "x": 0.0,
          "y": 0.8220339,
          "width": 0.2238806,
          "height": 0.17796612,
          "x_px": 0.0,
          "y_px": 48.5,
          "width_px": 30.0,
          "height_px": 10.500001
        },
        "3": {
          "id": 3,
          "x": 0.9104478,
          "y": 0.0,
          "width": 0.08955222,
          "height": 0.1779661,
          "x_px": 122.0,
          "y_px": 0.0,
          "width_px": 11.999998,
          "height_px": 10.5
        },
        "4": {
          "id": 4,
          "x": 0.0,
          "y": 0.1779661,
          "width": 0.2238806,
          "height": 0.64406776,
          "x_px": 0.0,
          "y_px": 10.5,
          "width_px": 30.0,
          "height_px": 38.0
        },
        "8": {
          "id": 8,
          "x": 0.2238806,
          "y": 0.8220339,
          "width": 0.6865672,
          "height": 0.17796612,
          "x_px": 30.0,
          "y_px": 48.5,
          "width_px": 92.0,
          "height_px": 10.500001
        },
        "9": {
          "id": 9,
          "x": 0.9104478,
          "y": 0.8220339,
          "width": 0.08955222,
          "height": 0.17796612,
          "x_px": 122.0,
          "y_px": 48.5,
          "width_px": 11.999998,
          "height_px": 10.500001
        },
        "6": {
          "id": 6,
          "x": 0.9104478,
          "y": 0.1779661,
          "width": 0.08955222,
          "height": 0.64406776,
          "x_px": 122.0,
          "y_px": 10.5,
          "width_px": 11.999998,
          "height_px": 38.0
        },
        "5": {
          "id": 5,
          "x": 0.2238806,
          "y": 0.1779661,
          "width": 0.6865672,
          "height": 0.64406776,
          "x_px": 30.0,
          "y_px": 10.5,
          "width_px": 92.0,
          "height_px": 38.0
        }
      }
}